{"1": 0.08, "2": 0.41, "3": 0.73, "4": 0.93, "5": 1.0, "6": 1.0, "7": 1.0, "8": 1.0, "9": 1.0, "10": 1.0, "11": 1.0, "12": 1.0, "13": 1.0, "14": 1.0, "15": 1.0, "16": 1.0, "17": 1.0, "18": 1.0, "19": 1.0, "20": 1.0, "mean_reciprocal_rank": 0.2789570707070707, "mean_average_precision": 0.27843759018759023, "auc_score": 0.49138499999999996}