{"1": 0.16, "2": 0.42, "3": 0.63, "4": 0.88, "5": 0.98, "6": 1.0, "7": 1.0, "8": 1.0, "9": 1.0, "10": 1.0, "11": 1.0, "12": 1.0, "13": 1.0, "14": 1.0, "15": 1.0, "16": 1.0, "17": 1.0, "18": 1.0, "19": 1.0, "20": 1.0, "mean_reciprocal_rank": 0.33221789321789325, "mean_average_precision": 0.33155952380952386, "auc_score": 0.5064150000000001}