{"1": 0.26, "2": 0.5, "3": 0.73, "4": 0.94, "5": 0.99, "6": 1.0, "7": 1.0, "8": 1.0, "9": 1.0, "10": 1.0, "11": 1.0, "12": 1.0, "13": 1.0, "14": 1.0, "15": 1.0, "16": 1.0, "17": 1.0, "18": 1.0, "19": 1.0, "20": 1.0, "mean_reciprocal_rank": 0.4255483405483406, "mean_average_precision": 0.4250288600288601, "auc_score": 0.6567400000000001}