{"1": 0.11, "2": 0.46, "3": 0.75, "4": 0.93, "5": 1.0, "6": 1.0, "7": 1.0, "8": 1.0, "9": 1.0, "10": 1.0, "11": 1.0, "12": 1.0, "13": 1.0, "14": 1.0, "15": 1.0, "16": 1.0, "17": 1.0, "18": 1.0, "19": 1.0, "20": 1.0, "mean_reciprocal_rank": 0.32373376623376626, "mean_average_precision": 0.3232142857142858, "auc_score": 0.5383800000000001}