{"1": 0.06, "2": 0.34, "3": 0.59, "4": 0.84, "5": 0.97, "6": 1.0, "7": 1.0, "8": 1.0, "9": 1.0, "10": 1.0, "11": 1.0, "12": 1.0, "13": 1.0, "14": 1.0, "15": 1.0, "16": 1.0, "17": 1.0, "18": 1.0, "19": 1.0, "20": 1.0, "mean_reciprocal_rank": 0.25019877344877345, "mean_average_precision": 0.2486403318903319, "auc_score": 0.48198}