{"1": 0.08, "2": 0.34, "3": 0.53, "4": 0.84, "5": 0.96, "6": 1.0, "7": 1.0, "8": 1.0, "9": 1.0, "10": 1.0, "11": 1.0, "12": 1.0, "13": 1.0, "14": 1.0, "15": 1.0, "16": 1.0, "17": 1.0, "18": 1.0, "19": 1.0, "20": 1.0, "mean_reciprocal_rank": 0.23998196248196246, "mean_average_precision": 0.23738455988455986, "auc_score": 0.41018}