{"1": 0.15, "2": 0.49, "3": 0.88, "4": 0.99, "5": 1.0, "6": 1.0, "7": 1.0, "8": 1.0, "9": 1.0, "10": 1.0, "11": 1.0, "12": 1.0, "13": 1.0, "14": 1.0, "15": 1.0, "16": 1.0, "17": 1.0, "18": 1.0, "19": 1.0, "20": 1.0, "mean_reciprocal_rank": 0.3522968975468975, "mean_average_precision": 0.34969949494949487, "auc_score": 0.578365}