{"1": 0.04, "2": 0.24, "3": 0.55, "4": 0.86, "5": 0.99, "6": 1.0, "7": 1.0, "8": 1.0, "9": 1.0, "10": 1.0, "11": 1.0, "12": 1.0, "13": 1.0, "14": 1.0, "15": 1.0, "16": 1.0, "17": 1.0, "18": 1.0, "19": 1.0, "20": 1.0, "mean_reciprocal_rank": 0.20098304473304474, "mean_average_precision": 0.2004635642135642, "auc_score": 0.41309999999999997}